-- Supabase PostgreSQL Schema and Data Migration

CREATE TABLE master_kabupaten (
    id_kabupaten SERIAL PRIMARY KEY,
    nama_kabupaten VARCHAR(100) NOT NULL,
    kode_bps VARCHAR(10),
    koordinat_lat DECIMAL(10, 8),
    koordinat_lng DECIMAL(11, 8),
    created_at TIMESTAMP WITH TIME ZONE DEFAULT CURRENT_TIMESTAMP
);

INSERT INTO master_kabupaten (id_kabupaten, nama_kabupaten, kode_bps, koordinat_lat, koordinat_lng) VALUES (1, 'Kabupaten Kepulauan Selayar', '7301', -6.1158, 120.4604);
INSERT INTO master_kabupaten (id_kabupaten, nama_kabupaten, kode_bps, koordinat_lat, koordinat_lng) VALUES (2, 'Kabupaten Bulukumba', '7302', -5.5562, 120.1906);
INSERT INTO master_kabupaten (id_kabupaten, nama_kabupaten, kode_bps, koordinat_lat, koordinat_lng) VALUES (3, 'Kabupaten Bantaeng', '7303', -5.5414, 119.9463);
INSERT INTO master_kabupaten (id_kabupaten, nama_kabupaten, kode_bps, koordinat_lat, koordinat_lng) VALUES (4, 'Kabupaten Jeneponto', '7304', -5.6882, 119.7346);
INSERT INTO master_kabupaten (id_kabupaten, nama_kabupaten, kode_bps, koordinat_lat, koordinat_lng) VALUES (5, 'Kabupaten Takalar', '7305', -5.4057, 119.4316);
INSERT INTO master_kabupaten (id_kabupaten, nama_kabupaten, kode_bps, koordinat_lat, koordinat_lng) VALUES (6, 'Kabupaten Gowa', '7306', -5.2753, 119.8660);
INSERT INTO master_kabupaten (id_kabupaten, nama_kabupaten, kode_bps, koordinat_lat, koordinat_lng) VALUES (7, 'Kabupaten Sinjai', '7307', -5.2635, 120.1171);
INSERT INTO master_kabupaten (id_kabupaten, nama_kabupaten, kode_bps, koordinat_lat, koordinat_lng) VALUES (8, 'Kabupaten Bone', '7308', -4.6934, 120.1419);
INSERT INTO master_kabupaten (id_kabupaten, nama_kabupaten, kode_bps, koordinat_lat, koordinat_lng) VALUES (9, 'Kabupaten Maros', '7309', -5.0118, 119.5707);
INSERT INTO master_kabupaten (id_kabupaten, nama_kabupaten, kode_bps, koordinat_lat, koordinat_lng) VALUES (10, 'Kabupaten Pangkajene Dan Kepulauan', '7310', -4.7834, 119.5447);
INSERT INTO master_kabupaten (id_kabupaten, nama_kabupaten, kode_bps, koordinat_lat, koordinat_lng) VALUES (11, 'Kabupaten Barru', '7311', -4.4042, 119.6200);
INSERT INTO master_kabupaten (id_kabupaten, nama_kabupaten, kode_bps, koordinat_lat, koordinat_lng) VALUES (12, 'Kabupaten Soppeng', '7312', -4.3541, 119.8837);
INSERT INTO master_kabupaten (id_kabupaten, nama_kabupaten, kode_bps, koordinat_lat, koordinat_lng) VALUES (13, 'Kabupaten Wajo', '7313', -4.0044, 120.1601);
INSERT INTO master_kabupaten (id_kabupaten, nama_kabupaten, kode_bps, koordinat_lat, koordinat_lng) VALUES (14, 'Kabupaten Sidenreng Rappang', '7314', -3.8824, 119.9265);
INSERT INTO master_kabupaten (id_kabupaten, nama_kabupaten, kode_bps, koordinat_lat, koordinat_lng) VALUES (15, 'Kabupaten Pinrang', '7315', -3.6823, 119.6174);
INSERT INTO master_kabupaten (id_kabupaten, nama_kabupaten, kode_bps, koordinat_lat, koordinat_lng) VALUES (16, 'Kabupaten Enrekang', '7316', -3.4542, 119.8450);
INSERT INTO master_kabupaten (id_kabupaten, nama_kabupaten, kode_bps, koordinat_lat, koordinat_lng) VALUES (17, 'Kabupaten Luwu', '7317', -3.1895, 120.1994);
INSERT INTO master_kabupaten (id_kabupaten, nama_kabupaten, kode_bps, koordinat_lat, koordinat_lng) VALUES (18, 'Kabupaten Tana Toraja', '7318', -3.0531, 119.8715);
INSERT INTO master_kabupaten (id_kabupaten, nama_kabupaten, kode_bps, koordinat_lat, koordinat_lng) VALUES (19, 'Kabupaten Luwu Utara', '7322', -2.6074, 120.2458);
INSERT INTO master_kabupaten (id_kabupaten, nama_kabupaten, kode_bps, koordinat_lat, koordinat_lng) VALUES (20, 'Kabupaten Luwu Timur', '7325', -2.5401, 121.1396);
INSERT INTO master_kabupaten (id_kabupaten, nama_kabupaten, kode_bps, koordinat_lat, koordinat_lng) VALUES (21, 'Kabupaten Toraja Utara', '7326', -2.9360, 119.8631);
INSERT INTO master_kabupaten (id_kabupaten, nama_kabupaten, kode_bps, koordinat_lat, koordinat_lng) VALUES (22, 'Kota Makassar', '7371', -5.1477, 119.4327);
INSERT INTO master_kabupaten (id_kabupaten, nama_kabupaten, kode_bps, koordinat_lat, koordinat_lng) VALUES (23, 'Kota Parepare', '7372', -4.0152, 119.6290);
INSERT INTO master_kabupaten (id_kabupaten, nama_kabupaten, kode_bps, koordinat_lat, koordinat_lng) VALUES (24, 'Kota Palopo', '7373', -2.9972, 120.1947);

CREATE TABLE data_alokasi_pupuk (
    id_alokasi SERIAL PRIMARY KEY,
    id_kabupaten INT REFERENCES master_kabupaten(id_kabupaten),
    musim_tanam VARCHAR(50),
    komoditas VARCHAR(100),
    luas_lahan DECIMAL(15, 2),
    kuota_urea DECIMAL(15, 2),
    kuota_npk DECIMAL(15, 2),
    prediksi_urea DECIMAL(15, 2),
    prediksi_npk DECIMAL(15, 2),
    status_risiko VARCHAR(50) DEFAULT 'Aman',
    narasi_rekomendasi TEXT,
    cuaca_anomali VARCHAR(255),
    last_analyzed_at TIMESTAMP WITH TIME ZONE,
    created_at TIMESTAMP WITH TIME ZONE DEFAULT CURRENT_TIMESTAMP,
    updated_at TIMESTAMP WITH TIME ZONE DEFAULT CURRENT_TIMESTAMP
);

INSERT INTO data_alokasi_pupuk (id_alokasi, id_kabupaten, musim_tanam, komoditas, luas_lahan, kuota_urea, kuota_npk, prediksi_urea, prediksi_npk, status_risiko, narasi_rekomendasi, cuaca_anomali, last_analyzed_at) VALUES (1, 1, 'MT I', 'Padi', 14557.00, 5408, 3557, 6760, 4446, 'Waspada', 'Berdasarkan analisis risiko La Nina, terjadi potensi pencucian hara (leaching) yang signifikan pada lahan padi seluas 14.557 Ha. Kami merekomendasikan peningkatan alokasi Urea dan NPK sebesar 25% untuk menjaga stabilitas nutrisi tanaman dan memastikan target produktivitas tetap tercapai di tengah kondisi cuaca ekstrem.', 'Cuaca Normal (Default)', '2026-06-29 08:51:54');
INSERT INTO data_alokasi_pupuk (id_alokasi, id_kabupaten, musim_tanam, komoditas, luas_lahan, kuota_urea, kuota_npk, prediksi_urea, prediksi_npk, status_risiko, narasi_rekomendasi, cuaca_anomali, last_analyzed_at) VALUES (2, 1, 'MT I', 'Jagung', 26440.00, 3105, 917, 3881, 1146, 'Waspada', 'Mengingat potensi cuaca ekstrem La Nina yang meningkatkan risiko leaching hara, alokasi pupuk perlu ditingkatkan sebesar 25% untuk menjaga produktivitas jagung di Kabupaten Kepulauan Selayar. Penyesuaian ini krusial untuk mengompensasi hilangnya nutrisi akibat curah hujan tinggi dan memastikan ketersediaan hara yang cukup bagi fase pertumbuhan tanaman.', 'Cuaca Normal (Default)', '2026-06-29 08:51:56');
INSERT INTO data_alokasi_pupuk (id_alokasi, id_kabupaten, musim_tanam, komoditas, luas_lahan, kuota_urea, kuota_npk, prediksi_urea, prediksi_npk, status_risiko, narasi_rekomendasi, cuaca_anomali, last_analyzed_at) VALUES (3, 2, 'MT I', 'Padi', 10594.00, 4398, 2056, 5497, 2570, 'Waspada', 'Berdasarkan potensi cuaca ekstrem La Nina, terjadi peningkatan risiko pencucian hara (leaching) yang signifikan pada lahan padi seluas 10.594 Ha. Kami merekomendasikan penambahan alokasi pupuk sebesar 25% untuk menjaga produktivitas tanaman dan mengantisipasi hilangnya efektivitas pemupukan akibat curah hujan tinggi.', 'Cuaca Normal (Default)', '2026-06-29 08:52:01');
INSERT INTO data_alokasi_pupuk (id_alokasi, id_kabupaten, musim_tanam, komoditas, luas_lahan, kuota_urea, kuota_npk, prediksi_urea, prediksi_npk, status_risiko, narasi_rekomendasi, cuaca_anomali, last_analyzed_at) VALUES (4, 2, 'MT I', 'Jagung', 15987.00, 3432, 1679, 4290, 2099, 'Kritis', 'Mengingat potensi cuaca ekstrem La Nina yang memicu risiko leaching tinggi, alokasi pupuk perlu ditingkatkan sebesar 25% untuk menjaga efektivitas nutrisi tanaman jagung. Langkah ini krusial untuk mengantisipasi kehilangan hara akibat curah hujan tinggi guna memastikan produktivitas lahan seluas 15.987 hektar tetap terjaga.', 'Cuaca Normal (Default)', '2026-06-29 08:52:02');
INSERT INTO data_alokasi_pupuk (id_alokasi, id_kabupaten, musim_tanam, komoditas, luas_lahan, kuota_urea, kuota_npk, prediksi_urea, prediksi_npk, status_risiko, narasi_rekomendasi, cuaca_anomali, last_analyzed_at) VALUES (5, 3, 'MT I', 'Padi', 16766.00, 3896, 1619, 4870, 2024, 'Waspada', 'Berdasarkan potensi cuaca ekstrem La Nina, risiko pencucian hara (leaching) meningkat signifikan sehingga diperlukan penambahan alokasi pupuk sebesar 25% untuk menjaga produktivitas padi. Langkah ini krusial untuk mengompensasi hilangnya nutrisi akibat curah hujan tinggi dan memastikan ketersediaan hara bagi tanaman tetap optimal.', 'Cuaca Normal (Default)', '2026-06-29 08:52:06');
INSERT INTO data_alokasi_pupuk (id_alokasi, id_kabupaten, musim_tanam, komoditas, luas_lahan, kuota_urea, kuota_npk, prediksi_urea, prediksi_npk, status_risiko, narasi_rekomendasi, cuaca_anomali, last_analyzed_at) VALUES (6, 3, 'MT I', 'Jagung', 14871.00, 1921, 514, 2401, 643, 'Waspada', 'Berdasarkan potensi cuaca ekstrem La Nina, terjadi peningkatan risiko pencucian hara (leaching) yang signifikan pada lahan jagung seluas 14.871 Ha. Oleh karena itu, alokasi pupuk Urea dan NPK perlu ditingkatkan sebesar 25% dari kuota awal untuk menjaga produktivitas tanaman dan mengantisipasi hilangnya efisiensi pemupukan akibat curah hujan tinggi.', 'Cuaca Normal (Default)', '2026-06-29 08:52:08');
INSERT INTO data_alokasi_pupuk (id_alokasi, id_kabupaten, musim_tanam, komoditas, luas_lahan, kuota_urea, kuota_npk, prediksi_urea, prediksi_npk, status_risiko, narasi_rekomendasi, cuaca_anomali, last_analyzed_at) VALUES (7, 4, 'MT I', 'Padi', 36627.00, 6985, 2870, 8731, 3587, 'Waspada', 'Berdasarkan potensi cuaca ekstrem La Nina, terjadi peningkatan risiko leaching yang signifikan pada lahan padi seluas 36.627 Ha di Jeneponto. Penambahan alokasi pupuk sebesar 25% direkomendasikan untuk menjaga efisiensi serapan hara tanaman dan memastikan target produktivitas tetap tercapai di tengah kondisi curah hujan tinggi.', 'Cuaca Normal (Default)', '2026-06-29 08:52:12');
INSERT INTO data_alokasi_pupuk (id_alokasi, id_kabupaten, musim_tanam, komoditas, luas_lahan, kuota_urea, kuota_npk, prediksi_urea, prediksi_npk, status_risiko, narasi_rekomendasi, cuaca_anomali, last_analyzed_at) VALUES (8, 4, 'MT I', 'Jagung', 12124.00, 4698, 2351, 5873, 2939, 'Kritis', 'Mengingat potensi cuaca ekstrem La Nina yang memicu risiko leaching tinggi, alokasi pupuk perlu ditingkatkan sebesar 25% untuk menjaga efektivitas serapan hara pada lahan jagung seluas 12.124 Ha. Penyesuaian ini krusial untuk mencegah penurunan produktivitas akibat hilangnya nutrisi tanah yang terbilas curah hujan tinggi.', 'Cuaca Normal (Default)', '2026-06-29 08:52:13');
INSERT INTO data_alokasi_pupuk (id_alokasi, id_kabupaten, musim_tanam, komoditas, luas_lahan, kuota_urea, kuota_npk, prediksi_urea, prediksi_npk, status_risiko, narasi_rekomendasi, cuaca_anomali, last_analyzed_at) VALUES (9, 5, 'MT I', 'Padi', 17608.00, 6719, 4860, 8735, 6318, 'Kritis', 'Berdasarkan analisis risiko La Nina, potensi pencucian hara (leaching) yang tinggi memerlukan penambahan alokasi pupuk sebesar 30% untuk menjaga produktivitas padi di Kabupaten Takalar. Langkah ini krusial untuk mengantisipasi penurunan efisiensi serapan nutrisi akibat curah hujan ekstrem yang melampaui kondisi normal.', 'Cuaca Normal (Default)', '2026-06-29 08:52:17');
INSERT INTO data_alokasi_pupuk (id_alokasi, id_kabupaten, musim_tanam, komoditas, luas_lahan, kuota_urea, kuota_npk, prediksi_urea, prediksi_npk, status_risiko, narasi_rekomendasi, cuaca_anomali, last_analyzed_at) VALUES (10, 5, 'MT I', 'Jagung', 19412.00, 1560, 553, 1950, 691, 'Waspada', 'Mengingat potensi cuaca ekstrem La Nina yang meningkatkan risiko pencucian hara (leaching), alokasi pupuk perlu ditingkatkan sebesar 25% untuk menjaga produktivitas jagung di Kabupaten Takalar. Langkah preventif ini krusial untuk memastikan ketersediaan nutrisi tanaman tetap optimal meskipun terjadi curah hujan tinggi.', 'Cuaca Normal (Default)', '2026-06-29 08:52:19');
INSERT INTO data_alokasi_pupuk (id_alokasi, id_kabupaten, musim_tanam, komoditas, luas_lahan, kuota_urea, kuota_npk, prediksi_urea, prediksi_npk, status_risiko, narasi_rekomendasi, cuaca_anomali, last_analyzed_at) VALUES (11, 6, 'MT I', 'Padi', 27096.00, 3735, 3363, 0, 0, 'Aman', '', '', NULL);
INSERT INTO data_alokasi_pupuk (id_alokasi, id_kabupaten, musim_tanam, komoditas, luas_lahan, kuota_urea, kuota_npk, prediksi_urea, prediksi_npk, status_risiko, narasi_rekomendasi, cuaca_anomali, last_analyzed_at) VALUES (12, 6, 'MT I', 'Jagung', 19069.00, 3852, 1549, 0, 0, 'Aman', '', '', NULL);
INSERT INTO data_alokasi_pupuk (id_alokasi, id_kabupaten, musim_tanam, komoditas, luas_lahan, kuota_urea, kuota_npk, prediksi_urea, prediksi_npk, status_risiko, narasi_rekomendasi, cuaca_anomali, last_analyzed_at) VALUES (13, 7, 'MT I', 'Padi', 14573.00, 5835, 1161, 7294, 1451, 'Waspada', 'Berdasarkan potensi cuaca ekstrem La Nina, risiko pencucian hara (leaching) meningkat signifikan sehingga diperlukan penambahan alokasi pupuk sebesar 25% untuk menjaga produktivitas padi. Langkah ini krusial untuk mengompensasi hilangnya nutrisi akibat curah hujan tinggi dan memastikan ketersediaan hara yang cukup bagi tanaman di Kabupaten Sinjai.', 'Cuaca Normal (Default)', NULL);
INSERT INTO data_alokasi_pupuk (id_alokasi, id_kabupaten, musim_tanam, komoditas, luas_lahan, kuota_urea, kuota_npk, prediksi_urea, prediksi_npk, status_risiko, narasi_rekomendasi, cuaca_anomali, last_analyzed_at) VALUES (14, 7, 'MT I', 'Jagung', 28445.00, 3875, 1815, 4844, 2269, 'Kritis', 'Berdasarkan analisis risiko La Nina, potensi pencucian hara (leaching) yang tinggi memerlukan peningkatan alokasi pupuk sebesar 25% untuk menjaga produktivitas jagung di Kabupaten Sinjai. Penyesuaian ini krusial untuk mengompensasi hilangnya efisiensi serapan nutrisi akibat curah hujan ekstrem agar target hasil panen tetap tercapai.', 'Cuaca Normal (Default)', NULL);
INSERT INTO data_alokasi_pupuk (id_alokasi, id_kabupaten, musim_tanam, komoditas, luas_lahan, kuota_urea, kuota_npk, prediksi_urea, prediksi_npk, status_risiko, narasi_rekomendasi, cuaca_anomali, last_analyzed_at) VALUES (15, 8, 'MT I', 'Padi', 29780.00, 7095, 3395, 9223, 4413, 'Waspada', 'Berdasarkan proyeksi cuaca La Nina, risiko pencucian hara (leaching) meningkat signifikan sehingga diperlukan penambahan kuota sebesar 30% untuk menjaga produktivitas padi. Rekomendasi ini bertujuan untuk mengompensasi kehilangan nutrisi akibat curah hujan tinggi dan memastikan ketersediaan hara yang cukup bagi tanaman di lahan seluas 29.780 Ha.', 'Cuaca Normal (Default)', NULL);
INSERT INTO data_alokasi_pupuk (id_alokasi, id_kabupaten, musim_tanam, komoditas, luas_lahan, kuota_urea, kuota_npk, prediksi_urea, prediksi_npk, status_risiko, narasi_rekomendasi, cuaca_anomali, last_analyzed_at) VALUES (16, 8, 'MT I', 'Jagung', 19380.00, 2379, 574, 3093, 746, 'Kritis', 'Mengingat potensi fenomena La Nina yang meningkatkan risiko pencucian hara (leaching) secara signifikan, alokasi pupuk perlu ditingkatkan sebesar 30% untuk menjaga produktivitas jagung di Kabupaten Bone. Penyesuaian ini krusial untuk mengompensasi hilangnya efektivitas pemupukan akibat curah hujan ekstrem dan memastikan ketersediaan nutrisi tanaman tetap optimal.', 'Cuaca Normal (Default)', NULL);
INSERT INTO data_alokasi_pupuk (id_alokasi, id_kabupaten, musim_tanam, komoditas, luas_lahan, kuota_urea, kuota_npk, prediksi_urea, prediksi_npk, status_risiko, narasi_rekomendasi, cuaca_anomali, last_analyzed_at) VALUES (17, 9, 'MT I', 'Padi', 29445.00, 5415, 3972, 6768, 4965, 'Waspada', 'Mengingat potensi cuaca ekstrem La Nina yang meningkatkan risiko leaching hara, alokasi pupuk perlu ditingkatkan sebesar 25% untuk menjaga produktivitas padi di Kabupaten Maros. Penyesuaian ini krusial untuk mengompensasi hilangnya nutrisi akibat curah hujan tinggi dan memastikan ketersediaan hara yang cukup bagi tanaman.', 'Cuaca Normal (Default)', NULL);
INSERT INTO data_alokasi_pupuk (id_alokasi, id_kabupaten, musim_tanam, komoditas, luas_lahan, kuota_urea, kuota_npk, prediksi_urea, prediksi_npk, status_risiko, narasi_rekomendasi, cuaca_anomali, last_analyzed_at) VALUES (18, 9, 'MT I', 'Jagung', 5905.00, 1341, 2019, 1743, 2625, 'Kritis', 'Mengingat potensi cuaca ekstrem La Nina yang memicu risiko leaching tinggi, alokasi pupuk perlu ditingkatkan sebesar 30% untuk menjaga efektivitas nutrisi tanaman jagung. Penambahan kuota ini krusial untuk mengompensasi hilangnya unsur hara akibat curah hujan tinggi guna memastikan produktivitas lahan tetap optimal.', 'Cuaca Normal (Default)', NULL);
INSERT INTO data_alokasi_pupuk (id_alokasi, id_kabupaten, musim_tanam, komoditas, luas_lahan, kuota_urea, kuota_npk, prediksi_urea, prediksi_npk, status_risiko, narasi_rekomendasi, cuaca_anomali, last_analyzed_at) VALUES (19, 10, 'MT I', 'Padi', 15843.00, 6498, 1634, 8122, 2042, 'Waspada', 'Mengingat potensi cuaca ekstrem La Nina yang meningkatkan risiko pencucian hara (leaching), alokasi pupuk perlu ditingkatkan sebesar 25% untuk menjaga efektivitas pemupukan pada lahan seluas 15.843 Ha. Penyesuaian ini krusial untuk memastikan ketersediaan nutrisi tanaman tetap optimal di tengah ancaman curah hujan tinggi yang dapat menurunkan serapan hara.', 'Cuaca Normal (Default)', NULL);
INSERT INTO data_alokasi_pupuk (id_alokasi, id_kabupaten, musim_tanam, komoditas, luas_lahan, kuota_urea, kuota_npk, prediksi_urea, prediksi_npk, status_risiko, narasi_rekomendasi, cuaca_anomali, last_analyzed_at) VALUES (20, 10, 'MT I', 'Jagung', 5151.00, 4198, 845, 5248, 1056, 'Waspada', 'Mengingat potensi cuaca ekstrem La Nina yang meningkatkan risiko leaching hara, alokasi pupuk perlu ditambah sebesar 25% untuk menjaga produktivitas jagung di Kabupaten Pangkajene dan Kepulauan. Penyesuaian ini krusial untuk mengompensasi hilangnya nutrisi akibat curah hujan tinggi agar target hasil panen tetap tercapai.', 'Cuaca Normal (Default)', NULL);
INSERT INTO data_alokasi_pupuk (id_alokasi, id_kabupaten, musim_tanam, komoditas, luas_lahan, kuota_urea, kuota_npk, prediksi_urea, prediksi_npk, status_risiko, narasi_rekomendasi, cuaca_anomali, last_analyzed_at) VALUES (21, 11, 'MT I', 'Padi', 10744.00, 2204, 3546, 2865, 4610, 'Waspada', 'Mengingat potensi cuaca ekstrem La Nina yang meningkatkan risiko pencucian hara (leaching), alokasi pupuk perlu ditingkatkan sebesar 30% untuk menjaga produktivitas padi di Kabupaten Barru. Langkah preventif ini krusial untuk mengompensasi hilangnya efisiensi penyerapan nutrisi akibat curah hujan tinggi pada lahan seluas 10.744 hektar.', 'Cuaca Normal (Default)', NULL);
INSERT INTO data_alokasi_pupuk (id_alokasi, id_kabupaten, musim_tanam, komoditas, luas_lahan, kuota_urea, kuota_npk, prediksi_urea, prediksi_npk, status_risiko, narasi_rekomendasi, cuaca_anomali, last_analyzed_at) VALUES (22, 11, 'MT I', 'Jagung', 6791.00, 3439, 1124, 4300, 1405, 'Waspada', 'Berdasarkan potensi cuaca ekstrem La Nina, risiko pencucian hara (leaching) pada lahan jagung seluas 6791 Ha meningkat signifikan. Kami merekomendasikan penambahan kuota pupuk sebesar 25% untuk menjaga stabilitas nutrisi tanaman dan mencegah penurunan produktivitas akibat kehilangan unsur hara.', 'Cuaca Normal (Default)', NULL);
INSERT INTO data_alokasi_pupuk (id_alokasi, id_kabupaten, musim_tanam, komoditas, luas_lahan, kuota_urea, kuota_npk, prediksi_urea, prediksi_npk, status_risiko, narasi_rekomendasi, cuaca_anomali, last_analyzed_at) VALUES (23, 12, 'MT I', 'Padi', 48716.00, 6184, 3440, 0, 0, 'Aman', '', '', NULL);
INSERT INTO data_alokasi_pupuk (id_alokasi, id_kabupaten, musim_tanam, komoditas, luas_lahan, kuota_urea, kuota_npk, prediksi_urea, prediksi_npk, status_risiko, narasi_rekomendasi, cuaca_anomali, last_analyzed_at) VALUES (24, 12, 'MT I', 'Jagung', 5798.00, 4916, 1047, 0, 0, 'Aman', '', '', NULL);
INSERT INTO data_alokasi_pupuk (id_alokasi, id_kabupaten, musim_tanam, komoditas, luas_lahan, kuota_urea, kuota_npk, prediksi_urea, prediksi_npk, status_risiko, narasi_rekomendasi, cuaca_anomali, last_analyzed_at) VALUES (25, 13, 'MT I', 'Padi', 37005.00, 7673, 2417, 0, 0, 'Aman', '', '', NULL);
INSERT INTO data_alokasi_pupuk (id_alokasi, id_kabupaten, musim_tanam, komoditas, luas_lahan, kuota_urea, kuota_npk, prediksi_urea, prediksi_npk, status_risiko, narasi_rekomendasi, cuaca_anomali, last_analyzed_at) VALUES (26, 13, 'MT I', 'Jagung', 11170.00, 4418, 1075, 0, 0, 'Aman', '', '', NULL);
INSERT INTO data_alokasi_pupuk (id_alokasi, id_kabupaten, musim_tanam, komoditas, luas_lahan, kuota_urea, kuota_npk, prediksi_urea, prediksi_npk, status_risiko, narasi_rekomendasi, cuaca_anomali, last_analyzed_at) VALUES (27, 14, 'MT I', 'Padi', 13473.00, 5133, 1762, 0, 0, 'Aman', '', '', NULL);
INSERT INTO data_alokasi_pupuk (id_alokasi, id_kabupaten, musim_tanam, komoditas, luas_lahan, kuota_urea, kuota_npk, prediksi_urea, prediksi_npk, status_risiko, narasi_rekomendasi, cuaca_anomali, last_analyzed_at) VALUES (28, 14, 'MT I', 'Jagung', 5612.00, 2736, 1424, 0, 0, 'Aman', '', '', NULL);
INSERT INTO data_alokasi_pupuk (id_alokasi, id_kabupaten, musim_tanam, komoditas, luas_lahan, kuota_urea, kuota_npk, prediksi_urea, prediksi_npk, status_risiko, narasi_rekomendasi, cuaca_anomali, last_analyzed_at) VALUES (29, 15, 'MT I', 'Padi', 40127.00, 7133, 2284, 0, 0, 'Aman', '', '', NULL);
INSERT INTO data_alokasi_pupuk (id_alokasi, id_kabupaten, musim_tanam, komoditas, luas_lahan, kuota_urea, kuota_npk, prediksi_urea, prediksi_npk, status_risiko, narasi_rekomendasi, cuaca_anomali, last_analyzed_at) VALUES (30, 15, 'MT I', 'Jagung', 7599.00, 2063, 2632, 0, 0, 'Aman', '', '', NULL);
INSERT INTO data_alokasi_pupuk (id_alokasi, id_kabupaten, musim_tanam, komoditas, luas_lahan, kuota_urea, kuota_npk, prediksi_urea, prediksi_npk, status_risiko, narasi_rekomendasi, cuaca_anomali, last_analyzed_at) VALUES (31, 16, 'MT I', 'Padi', 42823.00, 2835, 2770, 0, 0, 'Aman', '', '', NULL);
INSERT INTO data_alokasi_pupuk (id_alokasi, id_kabupaten, musim_tanam, komoditas, luas_lahan, kuota_urea, kuota_npk, prediksi_urea, prediksi_npk, status_risiko, narasi_rekomendasi, cuaca_anomali, last_analyzed_at) VALUES (32, 16, 'MT I', 'Jagung', 20170.00, 1538, 693, 0, 0, 'Aman', '', '', NULL);
INSERT INTO data_alokasi_pupuk (id_alokasi, id_kabupaten, musim_tanam, komoditas, luas_lahan, kuota_urea, kuota_npk, prediksi_urea, prediksi_npk, status_risiko, narasi_rekomendasi, cuaca_anomali, last_analyzed_at) VALUES (33, 17, 'MT I', 'Padi', 20371.00, 3268, 2227, 0, 0, 'Aman', '', '', NULL);
INSERT INTO data_alokasi_pupuk (id_alokasi, id_kabupaten, musim_tanam, komoditas, luas_lahan, kuota_urea, kuota_npk, prediksi_urea, prediksi_npk, status_risiko, narasi_rekomendasi, cuaca_anomali, last_analyzed_at) VALUES (34, 17, 'MT I', 'Jagung', 11171.00, 1459, 2561, 0, 0, 'Aman', '', '', NULL);
INSERT INTO data_alokasi_pupuk (id_alokasi, id_kabupaten, musim_tanam, komoditas, luas_lahan, kuota_urea, kuota_npk, prediksi_urea, prediksi_npk, status_risiko, narasi_rekomendasi, cuaca_anomali, last_analyzed_at) VALUES (35, 18, 'MT I', 'Padi', 20387.00, 5867, 1563, 0, 0, 'Aman', '', '', NULL);
INSERT INTO data_alokasi_pupuk (id_alokasi, id_kabupaten, musim_tanam, komoditas, luas_lahan, kuota_urea, kuota_npk, prediksi_urea, prediksi_npk, status_risiko, narasi_rekomendasi, cuaca_anomali, last_analyzed_at) VALUES (36, 18, 'MT I', 'Jagung', 18789.00, 4764, 1773, 0, 0, 'Aman', '', '', NULL);
INSERT INTO data_alokasi_pupuk (id_alokasi, id_kabupaten, musim_tanam, komoditas, luas_lahan, kuota_urea, kuota_npk, prediksi_urea, prediksi_npk, status_risiko, narasi_rekomendasi, cuaca_anomali, last_analyzed_at) VALUES (37, 19, 'MT I', 'Padi', 20238.00, 2647, 3825, 0, 0, 'Aman', '', '', NULL);
INSERT INTO data_alokasi_pupuk (id_alokasi, id_kabupaten, musim_tanam, komoditas, luas_lahan, kuota_urea, kuota_npk, prediksi_urea, prediksi_npk, status_risiko, narasi_rekomendasi, cuaca_anomali, last_analyzed_at) VALUES (38, 19, 'MT I', 'Jagung', 25671.00, 2771, 2058, 3464, 2573, 'Kritis', 'Berdasarkan analisis risiko La Nina, potensi pencucian hara (leaching) pada lahan jagung seluas 25.671 Ha meningkat signifikan. Kami merekomendasikan penambahan kuota pupuk sebesar 25% untuk menjaga produktivitas tanaman dan mengantisipasi hilangnya efektivitas pemupukan akibat curah hujan ekstrem.', 'Cuaca Normal (Default)', NULL);
INSERT INTO data_alokasi_pupuk (id_alokasi, id_kabupaten, musim_tanam, komoditas, luas_lahan, kuota_urea, kuota_npk, prediksi_urea, prediksi_npk, status_risiko, narasi_rekomendasi, cuaca_anomali, last_analyzed_at) VALUES (39, 20, 'MT I', 'Padi', 10525.00, 4485, 3991, 5606, 4989, 'Waspada', 'Berdasarkan analisis risiko La Nina, terjadi potensi pencucian hara (leaching) yang signifikan pada lahan padi seluas 10.525 Ha. Oleh karena itu, alokasi pupuk Urea dan NPK perlu ditingkatkan sebesar 25% dari kuota awal untuk menjaga produktivitas tanaman dan mengantisipasi hilangnya efektivitas pemupukan akibat curah hujan tinggi.', 'Cuaca Normal (Default)', NULL);
INSERT INTO data_alokasi_pupuk (id_alokasi, id_kabupaten, musim_tanam, komoditas, luas_lahan, kuota_urea, kuota_npk, prediksi_urea, prediksi_npk, status_risiko, narasi_rekomendasi, cuaca_anomali, last_analyzed_at) VALUES (40, 20, 'MT I', 'Jagung', 20702.00, 3288, 2342, 4110, 2927, 'Kritis', 'Mengingat potensi cuaca ekstrem La Nina yang memicu risiko leaching tinggi, alokasi pupuk perlu ditingkatkan sebesar 25% untuk menjaga produktivitas jagung di Luwu Timur. Penyesuaian ini krusial guna mengompensasi hilangnya unsur hara akibat curah hujan tinggi agar target hasil panen tetap tercapai.', 'Cuaca Normal (Default)', NULL);
INSERT INTO data_alokasi_pupuk (id_alokasi, id_kabupaten, musim_tanam, komoditas, luas_lahan, kuota_urea, kuota_npk, prediksi_urea, prediksi_npk, status_risiko, narasi_rekomendasi, cuaca_anomali, last_analyzed_at) VALUES (41, 21, 'MT I', 'Padi', 27895.00, 2808, 1091, 3510, 1364, 'Kritis', 'Mengingat potensi cuaca ekstrem La Nina yang memicu risiko leaching tinggi, alokasi pupuk perlu ditingkatkan sebesar 25% untuk menjaga efektivitas pemupukan pada lahan seluas 27.895 Ha. Penyesuaian ini krusial untuk mencegah penurunan produktivitas padi akibat hilangnya unsur hara yang tercuci oleh curah hujan tinggi.', 'Cuaca Normal (Default)', NULL);
INSERT INTO data_alokasi_pupuk (id_alokasi, id_kabupaten, musim_tanam, komoditas, luas_lahan, kuota_urea, kuota_npk, prediksi_urea, prediksi_npk, status_risiko, narasi_rekomendasi, cuaca_anomali, last_analyzed_at) VALUES (42, 21, 'MT I', 'Jagung', 12779.00, 3720, 1626, 4650, 2032, 'Kritis', 'Mengingat potensi fenomena La Nina yang menyebabkan curah hujan ekstrem, risiko pencucian hara (leaching) pada lahan jagung di Toraja Utara meningkat signifikan. Kami merekomendasikan peningkatan alokasi pupuk sebesar 25% untuk menjaga efektivitas pemupukan dan memastikan produktivitas tanaman tetap terjaga di tengah kondisi cuaca yang tidak menentu.', 'Cuaca Normal (Default)', NULL);
INSERT INTO data_alokasi_pupuk (id_alokasi, id_kabupaten, musim_tanam, komoditas, luas_lahan, kuota_urea, kuota_npk, prediksi_urea, prediksi_npk, status_risiko, narasi_rekomendasi, cuaca_anomali, last_analyzed_at) VALUES (43, 22, 'MT I', 'Padi', 37665.00, 2888, 2536, 3600, 3170, 'Waspada', 'Mengingat potensi cuaca ekstrem La Nina yang meningkatkan risiko pencucian hara (leaching), alokasi pupuk perlu ditingkatkan sebesar 25% untuk menjaga efektivitas pemupukan pada lahan seluas 37.665 Ha. Penyesuaian ini krusial untuk memastikan ketersediaan nutrisi tanaman tetap optimal di tengah curah hujan tinggi guna menjaga stabilitas produktivitas padi di Kota Makassar.', 'Cuaca Normal (Default)', NULL);
INSERT INTO data_alokasi_pupuk (id_alokasi, id_kabupaten, musim_tanam, komoditas, luas_lahan, kuota_urea, kuota_npk, prediksi_urea, prediksi_npk, status_risiko, narasi_rekomendasi, cuaca_anomali, last_analyzed_at) VALUES (44, 22, 'MT I', 'Jagung', 18499.00, 2961, 2482, 3849, 3227, 'Waspada', 'Mengingat potensi cuaca ekstrem La Nina yang meningkatkan risiko leaching hara, alokasi pupuk perlu ditingkatkan sebesar 30% untuk menjaga produktivitas jagung di lahan seluas 18.499 Ha. Penyesuaian ini krusial untuk mengompensasi hilangnya nutrisi akibat curah hujan tinggi dan memastikan ketersediaan hara yang optimal bagi tanaman.', 'Cuaca Normal (Default)', NULL);
INSERT INTO data_alokasi_pupuk (id_alokasi, id_kabupaten, musim_tanam, komoditas, luas_lahan, kuota_urea, kuota_npk, prediksi_urea, prediksi_npk, status_risiko, narasi_rekomendasi, cuaca_anomali, last_analyzed_at) VALUES (45, 23, 'MT I', 'Padi', 29253.00, 3789, 1255, 4736, 1569, 'Kritis', 'Mengingat potensi cuaca ekstrem La Nina yang memicu risiko leaching tinggi, alokasi pupuk perlu ditingkatkan sebesar 25% untuk menjaga efektivitas pemupukan pada lahan seluas 29.253 Ha. Penyesuaian ini krusial untuk mencegah penurunan produktivitas padi akibat hilangnya unsur hara yang tercuci oleh curah hujan tinggi.', 'Cuaca Normal (Default)', '2026-06-29 08:44:59');
INSERT INTO data_alokasi_pupuk (id_alokasi, id_kabupaten, musim_tanam, komoditas, luas_lahan, kuota_urea, kuota_npk, prediksi_urea, prediksi_npk, status_risiko, narasi_rekomendasi, cuaca_anomali, last_analyzed_at) VALUES (46, 23, 'MT I', 'Jagung', 6592.00, 3608, 2591, 4510, 3239, 'Waspada', 'Mengingat potensi cuaca ekstrem La Nina yang meningkatkan risiko leaching hara, alokasi pupuk perlu ditingkatkan sebesar 25% untuk menjaga produktivitas jagung di Kota Parepare. Penyesuaian ini krusial untuk mengompensasi hilangnya nutrisi akibat curah hujan tinggi dan memastikan ketersediaan hara yang cukup bagi tanaman.', 'Cuaca Normal (Default)', '2026-06-29 08:45:01');
INSERT INTO data_alokasi_pupuk (id_alokasi, id_kabupaten, musim_tanam, komoditas, luas_lahan, kuota_urea, kuota_npk, prediksi_urea, prediksi_npk, status_risiko, narasi_rekomendasi, cuaca_anomali, last_analyzed_at) VALUES (47, 24, 'MT I', 'Padi', 14715.00, 3504, 3356, 4380, 4195, 'Waspada', 'Berdasarkan potensi cuaca ekstrem La Nina, risiko pencucian hara (leaching) pada lahan padi seluas 14.715 Ha meningkat signifikan. Kami merekomendasikan penambahan kuota sebesar 25% untuk menjaga efektivitas pemupukan dan menjamin stabilitas produktivitas pangan di Kota Palopo.', 'Cuaca Normal (Default)', '2026-06-29 08:45:05');
INSERT INTO data_alokasi_pupuk (id_alokasi, id_kabupaten, musim_tanam, komoditas, luas_lahan, kuota_urea, kuota_npk, prediksi_urea, prediksi_npk, status_risiko, narasi_rekomendasi, cuaca_anomali, last_analyzed_at) VALUES (48, 24, 'MT I', 'Jagung', 10788.00, 4280, 1175, 5564, 1528, 'Kritis', 'Mengingat potensi cuaca ekstrem La Nina yang memicu risiko leaching tinggi, alokasi pupuk ditingkatkan sebesar 30% untuk menjaga produktivitas jagung di Kota Palopo. Penyesuaian ini krusial untuk mengompensasi hilangnya unsur hara akibat curah hujan tinggi agar target hasil panen tetap tercapai.', 'Cuaca Normal (Default)', '2026-06-29 08:52:58');
INSERT INTO data_alokasi_pupuk (id_alokasi, id_kabupaten, musim_tanam, komoditas, luas_lahan, kuota_urea, kuota_npk, prediksi_urea, prediksi_npk, status_risiko, narasi_rekomendasi, cuaca_anomali, last_analyzed_at) VALUES (49, 1, 'MT I', 'Padi', 14557.00, 5408, 3557, 6760, 4446, 'Waspada', 'Berdasarkan analisis potensi La Nina, peningkatan kuota sebesar 25% diperlukan untuk mengantisipasi risiko pencucian hara (leaching) yang tinggi akibat curah hujan ekstrem. Penyesuaian ini krusial untuk menjaga stabilitas produktivitas padi di Kabupaten Kepulauan Selayar agar tetap optimal di tengah tantangan cuaca.', 'Cuaca Normal (Default)', '2026-06-29 08:51:57');
INSERT INTO data_alokasi_pupuk (id_alokasi, id_kabupaten, musim_tanam, komoditas, luas_lahan, kuota_urea, kuota_npk, prediksi_urea, prediksi_npk, status_risiko, narasi_rekomendasi, cuaca_anomali, last_analyzed_at) VALUES (50, 1, 'MT I', 'Jagung', 26440.00, 3105, 917, 3881, 1146, 'Waspada', 'Mengingat potensi cuaca ekstrem La Nina yang meningkatkan risiko leaching, alokasi pupuk perlu ditingkatkan sebesar 25% untuk menjaga efektivitas pemupukan pada lahan jagung seluas 26.440 Ha. Penyesuaian ini krusial untuk mencegah defisiensi hara akibat pencucian tanah yang intensif selama periode curah hujan tinggi.', 'Cuaca Normal (Default)', '2026-06-29 08:51:59');
INSERT INTO data_alokasi_pupuk (id_alokasi, id_kabupaten, musim_tanam, komoditas, luas_lahan, kuota_urea, kuota_npk, prediksi_urea, prediksi_npk, status_risiko, narasi_rekomendasi, cuaca_anomali, last_analyzed_at) VALUES (51, 2, 'MT I', 'Padi', 10594.00, 4398, 2056, 5497, 2570, 'Waspada', 'Berdasarkan potensi cuaca ekstrem La Nina, terjadi risiko pencucian hara (leaching) yang signifikan pada lahan padi seluas 10.594 Ha. Kami merekomendasikan peningkatan alokasi pupuk sebesar 25% untuk menjaga efektivitas pemupukan dan memastikan produktivitas tanaman tetap optimal di tengah kondisi curah hujan tinggi.', 'Cuaca Normal (Default)', '2026-06-29 08:52:03');
INSERT INTO data_alokasi_pupuk (id_alokasi, id_kabupaten, musim_tanam, komoditas, luas_lahan, kuota_urea, kuota_npk, prediksi_urea, prediksi_npk, status_risiko, narasi_rekomendasi, cuaca_anomali, last_analyzed_at) VALUES (52, 2, 'MT I', 'Jagung', 15987.00, 3432, 1679, 4461, 2182, 'Kritis', 'Mengingat potensi cuaca ekstrem La Nina yang memicu risiko leaching tinggi, alokasi pupuk ditingkatkan sebesar 30% untuk menjaga efektivitas nutrisi tanaman jagung. Langkah ini krusial untuk mencegah defisiensi hara akibat pencucian tanah dan memastikan produktivitas lahan seluas 15.987 hektar tetap terjaga.', 'Cuaca Normal (Default)', '2026-06-29 08:52:05');
INSERT INTO data_alokasi_pupuk (id_alokasi, id_kabupaten, musim_tanam, komoditas, luas_lahan, kuota_urea, kuota_npk, prediksi_urea, prediksi_npk, status_risiko, narasi_rekomendasi, cuaca_anomali, last_analyzed_at) VALUES (53, 3, 'MT I', 'Padi', 16766.00, 3896, 1619, 4870, 2024, 'Waspada', 'Mengingat potensi cuaca ekstrem La Nina yang meningkatkan risiko leaching hara, alokasi pupuk perlu ditingkatkan sebesar 25% untuk menjaga produktivitas padi di Kabupaten Bantaeng. Penyesuaian ini krusial guna mengompensasi hilangnya nutrisi akibat curah hujan tinggi dan memastikan ketersediaan hara yang cukup bagi tanaman.', 'Cuaca Normal (Default)', '2026-06-29 08:52:09');
INSERT INTO data_alokasi_pupuk (id_alokasi, id_kabupaten, musim_tanam, komoditas, luas_lahan, kuota_urea, kuota_npk, prediksi_urea, prediksi_npk, status_risiko, narasi_rekomendasi, cuaca_anomali, last_analyzed_at) VALUES (54, 3, 'MT I', 'Jagung', 14871.00, 1921, 514, 2401, 643, 'Waspada', 'Berdasarkan potensi fenomena La Nina, terjadi peningkatan risiko pencucian hara (leaching) yang signifikan pada lahan jagung seluas 14.871 Ha. Oleh karena itu, alokasi pupuk Urea dan NPK perlu ditingkatkan sebesar 25% dari kuota awal untuk menjaga produktivitas tanaman dan mengantisipasi kehilangan nutrisi akibat curah hujan tinggi.', 'Cuaca Normal (Default)', '2026-06-29 08:52:10');
INSERT INTO data_alokasi_pupuk (id_alokasi, id_kabupaten, musim_tanam, komoditas, luas_lahan, kuota_urea, kuota_npk, prediksi_urea, prediksi_npk, status_risiko, narasi_rekomendasi, cuaca_anomali, last_analyzed_at) VALUES (55, 4, 'MT I', 'Padi', 36627.00, 6985, 2870, 8731, 3587, 'Waspada', 'Mengingat potensi cuaca ekstrem La Nina yang meningkatkan risiko leaching hara, alokasi pupuk perlu ditingkatkan sebesar 25% untuk menjaga produktivitas padi di Kabupaten Jeneponto. Penyesuaian ini krusial guna mengompensasi hilangnya nutrisi akibat curah hujan tinggi dan memastikan ketersediaan hara yang cukup bagi tanaman.', 'Cuaca Normal (Default)', '2026-06-29 08:52:15');
INSERT INTO data_alokasi_pupuk (id_alokasi, id_kabupaten, musim_tanam, komoditas, luas_lahan, kuota_urea, kuota_npk, prediksi_urea, prediksi_npk, status_risiko, narasi_rekomendasi, cuaca_anomali, last_analyzed_at) VALUES (56, 4, 'MT I', 'Jagung', 12124.00, 4698, 2351, 5873, 2939, 'Kritis', 'Mengingat potensi cuaca ekstrem La Nina yang memicu risiko leaching tinggi, alokasi pupuk ditingkatkan sebesar 25% untuk menjaga efektivitas pemupukan pada lahan jagung seluas 12.124 Ha. Langkah ini krusial untuk mencegah defisiensi hara akibat pencucian tanah dan memastikan produktivitas tetap optimal di tengah tantangan iklim.', 'Cuaca Normal (Default)', '2026-06-29 08:52:16');
INSERT INTO data_alokasi_pupuk (id_alokasi, id_kabupaten, musim_tanam, komoditas, luas_lahan, kuota_urea, kuota_npk, prediksi_urea, prediksi_npk, status_risiko, narasi_rekomendasi, cuaca_anomali, last_analyzed_at) VALUES (57, 5, 'MT I', 'Padi', 17608.00, 6719, 4860, 8735, 6318, 'Kritis', 'Berdasarkan analisis risiko La Nina, potensi pencucian hara (leaching) yang tinggi memerlukan peningkatan alokasi pupuk sebesar 30% untuk menjaga produktivitas padi di Kabupaten Takalar. Penyesuaian ini krusial guna mengompensasi hilangnya efektivitas serapan nutrisi akibat curah hujan ekstrem.', 'Cuaca Normal (Default)', '2026-06-29 08:52:20');
INSERT INTO data_alokasi_pupuk (id_alokasi, id_kabupaten, musim_tanam, komoditas, luas_lahan, kuota_urea, kuota_npk, prediksi_urea, prediksi_npk, status_risiko, narasi_rekomendasi, cuaca_anomali, last_analyzed_at) VALUES (58, 5, 'MT I', 'Jagung', 19412.00, 1560, 553, 1950, 691, 'Waspada', 'Mengingat potensi cuaca ekstrem La Nina yang meningkatkan risiko pencucian hara (leaching), alokasi pupuk perlu ditingkatkan sebesar 25% untuk menjaga produktivitas jagung di Kabupaten Takalar. Penyesuaian ini krusial guna memastikan ketersediaan nutrisi tanaman tetap optimal meskipun terjadi curah hujan tinggi yang dapat menurunkan efisiensi penyerapan pupuk.', 'Cuaca Normal (Default)', '2026-06-29 08:44:24');
INSERT INTO data_alokasi_pupuk (id_alokasi, id_kabupaten, musim_tanam, komoditas, luas_lahan, kuota_urea, kuota_npk, prediksi_urea, prediksi_npk, status_risiko, narasi_rekomendasi, cuaca_anomali, last_analyzed_at) VALUES (59, 6, 'MT I', 'Padi', 27096.00, 3735, 3363, 0, 0, 'Aman', '', '', NULL);
INSERT INTO data_alokasi_pupuk (id_alokasi, id_kabupaten, musim_tanam, komoditas, luas_lahan, kuota_urea, kuota_npk, prediksi_urea, prediksi_npk, status_risiko, narasi_rekomendasi, cuaca_anomali, last_analyzed_at) VALUES (60, 6, 'MT I', 'Jagung', 19069.00, 3852, 1549, 0, 0, 'Aman', '', '', NULL);
INSERT INTO data_alokasi_pupuk (id_alokasi, id_kabupaten, musim_tanam, komoditas, luas_lahan, kuota_urea, kuota_npk, prediksi_urea, prediksi_npk, status_risiko, narasi_rekomendasi, cuaca_anomali, last_analyzed_at) VALUES (61, 7, 'MT I', 'Padi', 14573.00, 5835, 1161, 7294, 1451, 'Waspada', 'Berdasarkan potensi cuaca ekstrem La Nina, risiko pencucian hara (leaching) meningkat signifikan sehingga diperlukan penambahan alokasi pupuk sebesar 25% untuk menjaga produktivitas padi. Langkah ini krusial untuk mengompensasi hilangnya nutrisi akibat curah hujan tinggi dan memastikan ketersediaan hara optimal bagi tanaman di Kabupaten Sinjai.', 'Cuaca Normal (Default)', NULL);
INSERT INTO data_alokasi_pupuk (id_alokasi, id_kabupaten, musim_tanam, komoditas, luas_lahan, kuota_urea, kuota_npk, prediksi_urea, prediksi_npk, status_risiko, narasi_rekomendasi, cuaca_anomali, last_analyzed_at) VALUES (62, 7, 'MT I', 'Jagung', 28445.00, 3875, 1815, 4844, 2269, 'Kritis', 'Berdasarkan analisis risiko La Nina, potensi pencucian hara (leaching) pada lahan jagung seluas 28.445 Ha di Kabupaten Sinjai meningkat signifikan. Kami merekomendasikan peningkatan alokasi pupuk sebesar 25% untuk menjaga produktivitas tanaman dan mengantisipasi hilangnya efektivitas pemupukan akibat curah hujan ekstrem.', 'Cuaca Normal (Default)', NULL);
INSERT INTO data_alokasi_pupuk (id_alokasi, id_kabupaten, musim_tanam, komoditas, luas_lahan, kuota_urea, kuota_npk, prediksi_urea, prediksi_npk, status_risiko, narasi_rekomendasi, cuaca_anomali, last_analyzed_at) VALUES (63, 8, 'MT I', 'Padi', 29780.00, 7095, 3395, 9223, 4413, 'Waspada', 'Berdasarkan potensi cuaca ekstrem La Nina, risiko pencucian hara (leaching) meningkat signifikan sehingga diperlukan penambahan kuota sebesar 30% untuk menjaga produktivitas padi. Rekomendasi ini bertujuan untuk mengompensasi kehilangan nutrisi akibat curah hujan tinggi dan memastikan ketersediaan hara yang cukup bagi tanaman di Kabupaten Bone.', 'Cuaca Normal (Default)', NULL);
INSERT INTO data_alokasi_pupuk (id_alokasi, id_kabupaten, musim_tanam, komoditas, luas_lahan, kuota_urea, kuota_npk, prediksi_urea, prediksi_npk, status_risiko, narasi_rekomendasi, cuaca_anomali, last_analyzed_at) VALUES (64, 8, 'MT I', 'Jagung', 19380.00, 2379, 574, 3093, 746, 'Kritis', 'Mengingat potensi fenomena La Nina yang memicu curah hujan tinggi, risiko pencucian hara (leaching) pada lahan jagung seluas 19.380 Ha meningkat signifikan. Kami merekomendasikan penambahan alokasi pupuk sebesar 30% untuk menjaga efektivitas pemupukan dan menjamin produktivitas tanaman tetap optimal di tengah kondisi cuaca ekstrem.', 'Cuaca Normal (Default)', '2026-06-29 08:52:27');
INSERT INTO data_alokasi_pupuk (id_alokasi, id_kabupaten, musim_tanam, komoditas, luas_lahan, kuota_urea, kuota_npk, prediksi_urea, prediksi_npk, status_risiko, narasi_rekomendasi, cuaca_anomali, last_analyzed_at) VALUES (65, 9, 'MT I', 'Padi', 29445.00, 5415, 3972, 0, 0, 'Aman', '', '', NULL);
INSERT INTO data_alokasi_pupuk (id_alokasi, id_kabupaten, musim_tanam, komoditas, luas_lahan, kuota_urea, kuota_npk, prediksi_urea, prediksi_npk, status_risiko, narasi_rekomendasi, cuaca_anomali, last_analyzed_at) VALUES (66, 9, 'MT I', 'Jagung', 5905.00, 1341, 2019, 1743, 2625, 'Kritis', 'Mengingat potensi fenomena La Nina yang meningkatkan risiko pencucian hara (leaching), alokasi pupuk perlu ditingkatkan sebesar 30% untuk menjaga produktivitas jagung di Kabupaten Maros. Langkah preventif ini krusial guna memastikan ketersediaan nutrisi tanaman tetap optimal meskipun terjadi curah hujan ekstrem.', 'Cuaca Normal (Default)', NULL);
INSERT INTO data_alokasi_pupuk (id_alokasi, id_kabupaten, musim_tanam, komoditas, luas_lahan, kuota_urea, kuota_npk, prediksi_urea, prediksi_npk, status_risiko, narasi_rekomendasi, cuaca_anomali, last_analyzed_at) VALUES (67, 10, 'MT I', 'Padi', 15843.00, 6498, 1634, 8122, 2042, 'Waspada', 'Mengingat potensi fenomena La Nina yang meningkatkan risiko pencucian hara (leaching) pada lahan seluas 15.843 Ha, penyesuaian kuota sebesar 25% sangat disarankan untuk menjaga produktivitas padi. Langkah ini krusial guna memastikan ketersediaan nutrisi tanaman tetap optimal meskipun terjadi curah hujan ekstrem yang dapat menurunkan efisiensi penyerapan pupuk.', 'Cuaca Normal (Default)', NULL);
INSERT INTO data_alokasi_pupuk (id_alokasi, id_kabupaten, musim_tanam, komoditas, luas_lahan, kuota_urea, kuota_npk, prediksi_urea, prediksi_npk, status_risiko, narasi_rekomendasi, cuaca_anomali, last_analyzed_at) VALUES (68, 10, 'MT I', 'Jagung', 5151.00, 4198, 845, 0, 0, 'Aman', '', '', NULL);
INSERT INTO data_alokasi_pupuk (id_alokasi, id_kabupaten, musim_tanam, komoditas, luas_lahan, kuota_urea, kuota_npk, prediksi_urea, prediksi_npk, status_risiko, narasi_rekomendasi, cuaca_anomali, last_analyzed_at) VALUES (69, 11, 'MT I', 'Padi', 10744.00, 2204, 3546, 0, 0, 'Aman', '', '', NULL);
INSERT INTO data_alokasi_pupuk (id_alokasi, id_kabupaten, musim_tanam, komoditas, luas_lahan, kuota_urea, kuota_npk, prediksi_urea, prediksi_npk, status_risiko, narasi_rekomendasi, cuaca_anomali, last_analyzed_at) VALUES (70, 11, 'MT I', 'Jagung', 6791.00, 3439, 1124, 0, 0, 'Aman', '', '', NULL);
INSERT INTO data_alokasi_pupuk (id_alokasi, id_kabupaten, musim_tanam, komoditas, luas_lahan, kuota_urea, kuota_npk, prediksi_urea, prediksi_npk, status_risiko, narasi_rekomendasi, cuaca_anomali, last_analyzed_at) VALUES (71, 12, 'MT I', 'Padi', 48716.00, 6184, 3440, 0, 0, 'Aman', '', '', NULL);
INSERT INTO data_alokasi_pupuk (id_alokasi, id_kabupaten, musim_tanam, komoditas, luas_lahan, kuota_urea, kuota_npk, prediksi_urea, prediksi_npk, status_risiko, narasi_rekomendasi, cuaca_anomali, last_analyzed_at) VALUES (72, 12, 'MT I', 'Jagung', 5798.00, 4916, 1047, 0, 0, 'Aman', '', '', NULL);
INSERT INTO data_alokasi_pupuk (id_alokasi, id_kabupaten, musim_tanam, komoditas, luas_lahan, kuota_urea, kuota_npk, prediksi_urea, prediksi_npk, status_risiko, narasi_rekomendasi, cuaca_anomali, last_analyzed_at) VALUES (73, 13, 'MT I', 'Padi', 37005.00, 7673, 2417, 0, 0, 'Aman', '', '', NULL);
INSERT INTO data_alokasi_pupuk (id_alokasi, id_kabupaten, musim_tanam, komoditas, luas_lahan, kuota_urea, kuota_npk, prediksi_urea, prediksi_npk, status_risiko, narasi_rekomendasi, cuaca_anomali, last_analyzed_at) VALUES (74, 13, 'MT I', 'Jagung', 11170.00, 4418, 1075, 0, 0, 'Aman', '', '', NULL);
INSERT INTO data_alokasi_pupuk (id_alokasi, id_kabupaten, musim_tanam, komoditas, luas_lahan, kuota_urea, kuota_npk, prediksi_urea, prediksi_npk, status_risiko, narasi_rekomendasi, cuaca_anomali, last_analyzed_at) VALUES (75, 14, 'MT I', 'Padi', 13473.00, 5133, 1762, 0, 0, 'Aman', '', '', NULL);
INSERT INTO data_alokasi_pupuk (id_alokasi, id_kabupaten, musim_tanam, komoditas, luas_lahan, kuota_urea, kuota_npk, prediksi_urea, prediksi_npk, status_risiko, narasi_rekomendasi, cuaca_anomali, last_analyzed_at) VALUES (76, 14, 'MT I', 'Jagung', 5612.00, 2736, 1424, 0, 0, 'Aman', '', '', NULL);
INSERT INTO data_alokasi_pupuk (id_alokasi, id_kabupaten, musim_tanam, komoditas, luas_lahan, kuota_urea, kuota_npk, prediksi_urea, prediksi_npk, status_risiko, narasi_rekomendasi, cuaca_anomali, last_analyzed_at) VALUES (77, 15, 'MT I', 'Padi', 40127.00, 7133, 2284, 0, 0, 'Aman', '', '', NULL);
INSERT INTO data_alokasi_pupuk (id_alokasi, id_kabupaten, musim_tanam, komoditas, luas_lahan, kuota_urea, kuota_npk, prediksi_urea, prediksi_npk, status_risiko, narasi_rekomendasi, cuaca_anomali, last_analyzed_at) VALUES (78, 15, 'MT I', 'Jagung', 7599.00, 2063, 2632, 0, 0, 'Aman', '', '', NULL);
INSERT INTO data_alokasi_pupuk (id_alokasi, id_kabupaten, musim_tanam, komoditas, luas_lahan, kuota_urea, kuota_npk, prediksi_urea, prediksi_npk, status_risiko, narasi_rekomendasi, cuaca_anomali, last_analyzed_at) VALUES (79, 16, 'MT I', 'Padi', 42823.00, 2835, 2770, 0, 0, 'Aman', '', '', NULL);
INSERT INTO data_alokasi_pupuk (id_alokasi, id_kabupaten, musim_tanam, komoditas, luas_lahan, kuota_urea, kuota_npk, prediksi_urea, prediksi_npk, status_risiko, narasi_rekomendasi, cuaca_anomali, last_analyzed_at) VALUES (80, 16, 'MT I', 'Jagung', 20170.00, 1538, 693, 0, 0, 'Aman', '', '', NULL);
INSERT INTO data_alokasi_pupuk (id_alokasi, id_kabupaten, musim_tanam, komoditas, luas_lahan, kuota_urea, kuota_npk, prediksi_urea, prediksi_npk, status_risiko, narasi_rekomendasi, cuaca_anomali, last_analyzed_at) VALUES (81, 17, 'MT I', 'Padi', 20371.00, 3268, 2227, 0, 0, 'Aman', '', '', NULL);
INSERT INTO data_alokasi_pupuk (id_alokasi, id_kabupaten, musim_tanam, komoditas, luas_lahan, kuota_urea, kuota_npk, prediksi_urea, prediksi_npk, status_risiko, narasi_rekomendasi, cuaca_anomali, last_analyzed_at) VALUES (82, 17, 'MT I', 'Jagung', 11171.00, 1459, 2561, 0, 0, 'Aman', '', '', NULL);
INSERT INTO data_alokasi_pupuk (id_alokasi, id_kabupaten, musim_tanam, komoditas, luas_lahan, kuota_urea, kuota_npk, prediksi_urea, prediksi_npk, status_risiko, narasi_rekomendasi, cuaca_anomali, last_analyzed_at) VALUES (83, 18, 'MT I', 'Padi', 20387.00, 5867, 1563, 7334, 1954, 'Kritis', 'Mengingat potensi cuaca ekstrem La Nina yang memicu risiko leaching tinggi, alokasi pupuk perlu ditingkatkan sebesar 25% untuk menjaga efektivitas nutrisi tanaman padi. Penyesuaian ini krusial guna mencegah defisiensi hara yang dapat menurunkan produktivitas lahan seluas 20.387 hektar di Kabupaten Tana Toraja.', 'Cuaca Normal (Default)', NULL);
INSERT INTO data_alokasi_pupuk (id_alokasi, id_kabupaten, musim_tanam, komoditas, luas_lahan, kuota_urea, kuota_npk, prediksi_urea, prediksi_npk, status_risiko, narasi_rekomendasi, cuaca_anomali, last_analyzed_at) VALUES (84, 18, 'MT I', 'Jagung', 18789.00, 4764, 1773, 0, 0, 'Aman', '', '', NULL);
INSERT INTO data_alokasi_pupuk (id_alokasi, id_kabupaten, musim_tanam, komoditas, luas_lahan, kuota_urea, kuota_npk, prediksi_urea, prediksi_npk, status_risiko, narasi_rekomendasi, cuaca_anomali, last_analyzed_at) VALUES (85, 19, 'MT I', 'Padi', 20238.00, 2647, 3825, 3309, 4781, 'Waspada', 'Mengingat potensi cuaca ekstrem La Nina yang meningkatkan risiko pencucian hara (leaching), alokasi pupuk perlu ditingkatkan sebesar 25% untuk menjaga produktivitas padi di Luwu Utara. Penyesuaian ini krusial untuk mengompensasi hilangnya efektivitas serapan nutrisi akibat curah hujan tinggi di lahan seluas 20.238 hektar tersebut.', 'Cuaca Normal (Default)', NULL);
INSERT INTO data_alokasi_pupuk (id_alokasi, id_kabupaten, musim_tanam, komoditas, luas_lahan, kuota_urea, kuota_npk, prediksi_urea, prediksi_npk, status_risiko, narasi_rekomendasi, cuaca_anomali, last_analyzed_at) VALUES (86, 19, 'MT I', 'Jagung', 25671.00, 2771, 2058, 3464, 2573, 'Kritis', 'Berdasarkan analisis risiko La Nina, potensi pencucian hara (leaching) pada lahan jagung seluas 25.671 Ha meningkat signifikan. Kami merekomendasikan penambahan kuota pupuk sebesar 25% untuk menjaga produktivitas tanaman dan mengantisipasi hilangnya efektivitas pemupukan akibat curah hujan ekstrem.', 'Cuaca Normal (Default)', NULL);
INSERT INTO data_alokasi_pupuk (id_alokasi, id_kabupaten, musim_tanam, komoditas, luas_lahan, kuota_urea, kuota_npk, prediksi_urea, prediksi_npk, status_risiko, narasi_rekomendasi, cuaca_anomali, last_analyzed_at) VALUES (87, 20, 'MT I', 'Padi', 10525.00, 4485, 3991, 5606, 4988, 'Waspada', 'Berdasarkan analisis risiko La Nina, terjadi potensi pencucian hara (leaching) yang signifikan pada lahan padi seluas 10.525 Ha. Kami merekomendasikan peningkatan alokasi pupuk sebesar 25% untuk menjaga stabilitas nutrisi tanaman dan memitigasi penurunan produktivitas akibat curah hujan ekstrem.', 'Cuaca Normal (Default)', NULL);
INSERT INTO data_alokasi_pupuk (id_alokasi, id_kabupaten, musim_tanam, komoditas, luas_lahan, kuota_urea, kuota_npk, prediksi_urea, prediksi_npk, status_risiko, narasi_rekomendasi, cuaca_anomali, last_analyzed_at) VALUES (88, 20, 'MT I', 'Jagung', 20702.00, 3288, 2342, 4110, 2927, 'Kritis', 'Mengingat potensi cuaca ekstrem La Nina yang memicu risiko leaching tinggi, alokasi pupuk perlu ditingkatkan sebesar 25% untuk menjaga efektivitas pemupukan pada lahan seluas 20.702 Ha. Penyesuaian ini krusial untuk mencegah defisiensi hara pada tanaman jagung akibat pencucian nitrogen dan fosfor yang masif selama curah hujan tinggi.', 'Cuaca Normal (Default)', NULL);
INSERT INTO data_alokasi_pupuk (id_alokasi, id_kabupaten, musim_tanam, komoditas, luas_lahan, kuota_urea, kuota_npk, prediksi_urea, prediksi_npk, status_risiko, narasi_rekomendasi, cuaca_anomali, last_analyzed_at) VALUES (89, 21, 'MT I', 'Padi', 27895.00, 2808, 1091, 3510, 1364, 'Kritis', 'Mengingat potensi cuaca ekstrem La Nina yang memicu risiko leaching tinggi, alokasi pupuk perlu ditingkatkan sebesar 25% untuk menjaga efektivitas pemupukan. Penyesuaian ini krusial guna memastikan ketersediaan hara bagi tanaman padi tetap optimal di tengah ancaman curah hujan tinggi di wilayah Toraja Utara.', 'Cuaca Normal (Default)', NULL);
INSERT INTO data_alokasi_pupuk (id_alokasi, id_kabupaten, musim_tanam, komoditas, luas_lahan, kuota_urea, kuota_npk, prediksi_urea, prediksi_npk, status_risiko, narasi_rekomendasi, cuaca_anomali, last_analyzed_at) VALUES (90, 21, 'MT I', 'Jagung', 12779.00, 3720, 1626, 4650, 2032, 'Kritis', 'Mengingat potensi cuaca ekstrem La Nina yang memicu risiko leaching tinggi, alokasi pupuk perlu ditingkatkan sebesar 25% untuk menjaga efektivitas pemupukan. Penyesuaian ini krusial guna memastikan ketersediaan hara bagi tanaman jagung tetap optimal di tengah ancaman curah hujan tinggi di Kabupaten Toraja Utara.', 'Cuaca Normal (Default)', NULL);
INSERT INTO data_alokasi_pupuk (id_alokasi, id_kabupaten, musim_tanam, komoditas, luas_lahan, kuota_urea, kuota_npk, prediksi_urea, prediksi_npk, status_risiko, narasi_rekomendasi, cuaca_anomali, last_analyzed_at) VALUES (91, 22, 'MT I', 'Padi', 37665.00, 2888, 2536, 3600, 3170, 'Waspada', 'Mengingat potensi cuaca ekstrem La Nina yang meningkatkan risiko leaching hara, alokasi pupuk perlu ditingkatkan sebesar 25% untuk menjaga produktivitas padi di lahan seluas 37.665 Ha. Penyesuaian ini krusial untuk mengompensasi hilangnya nutrisi akibat curah hujan tinggi guna memastikan target panen tetap tercapai.', 'Cuaca Normal (Default)', NULL);
INSERT INTO data_alokasi_pupuk (id_alokasi, id_kabupaten, musim_tanam, komoditas, luas_lahan, kuota_urea, kuota_npk, prediksi_urea, prediksi_npk, status_risiko, narasi_rekomendasi, cuaca_anomali, last_analyzed_at) VALUES (92, 22, 'MT I', 'Jagung', 18499.00, 2961, 2482, 3849, 3227, 'Waspada', 'Mengingat potensi cuaca ekstrem La Nina yang meningkatkan risiko leaching hara, alokasi pupuk perlu ditingkatkan sebesar 30% untuk menjaga produktivitas jagung di lahan seluas 18.499 Ha. Penyesuaian ini krusial untuk mengompensasi hilangnya nutrisi akibat curah hujan tinggi dan memastikan ketersediaan hara yang cukup bagi tanaman.', 'Cuaca Normal (Default)', '2026-06-29 08:44:58');
INSERT INTO data_alokasi_pupuk (id_alokasi, id_kabupaten, musim_tanam, komoditas, luas_lahan, kuota_urea, kuota_npk, prediksi_urea, prediksi_npk, status_risiko, narasi_rekomendasi, cuaca_anomali, last_analyzed_at) VALUES (93, 23, 'MT I', 'Padi', 29253.00, 3789, 1255, 4736, 1569, 'Kritis', 'Berdasarkan proyeksi cuaca ekstrem La Nina, risiko pencucian hara (leaching) meningkat signifikan sehingga diperlukan penambahan alokasi pupuk sebesar 25% untuk menjaga produktivitas padi. Langkah ini krusial untuk mengompensasi hilangnya nutrisi akibat curah hujan tinggi dan memastikan ketersediaan hara optimal bagi tanaman di lahan seluas 29.253 Ha.', 'Cuaca Normal (Default)', '2026-06-29 08:45:02');
INSERT INTO data_alokasi_pupuk (id_alokasi, id_kabupaten, musim_tanam, komoditas, luas_lahan, kuota_urea, kuota_npk, prediksi_urea, prediksi_npk, status_risiko, narasi_rekomendasi, cuaca_anomali, last_analyzed_at) VALUES (94, 23, 'MT I', 'Jagung', 6592.00, 3608, 2591, 4510, 3239, 'Waspada', 'Mengingat potensi cuaca ekstrem La Nina yang meningkatkan risiko pencucian hara (leaching), alokasi pupuk perlu ditingkatkan sebesar 25% untuk menjaga produktivitas jagung di Kota Parepare. Penyesuaian ini krusial guna mengantisipasi hilangnya efektivitas pemupukan akibat curah hujan tinggi dan memastikan ketersediaan nutrisi tanaman tetap optimal.', 'Cuaca Normal (Default)', '2026-06-29 08:45:03');
INSERT INTO data_alokasi_pupuk (id_alokasi, id_kabupaten, musim_tanam, komoditas, luas_lahan, kuota_urea, kuota_npk, prediksi_urea, prediksi_npk, status_risiko, narasi_rekomendasi, cuaca_anomali, last_analyzed_at) VALUES (95, 24, 'MT I', 'Padi', 14715.00, 3504, 3356, 4380, 4195, 'Waspada', 'Berdasarkan potensi cuaca ekstrem La Nina, risiko pencucian hara (leaching) pada lahan padi seluas 14.715 Ha meningkat signifikan. Kami merekomendasikan penambahan kuota pupuk sebesar 25% untuk menjaga efisiensi serapan hara tanaman dan memastikan produktivitas tetap stabil di tengah kondisi curah hujan tinggi.', 'Cuaca Normal (Default)', '2026-06-29 08:52:59');
INSERT INTO data_alokasi_pupuk (id_alokasi, id_kabupaten, musim_tanam, komoditas, luas_lahan, kuota_urea, kuota_npk, prediksi_urea, prediksi_npk, status_risiko, narasi_rekomendasi, cuaca_anomali, last_analyzed_at) VALUES (96, 24, 'MT I', 'Jagung', 10788.00, 4280, 1175, 5564, 1527, 'Kritis', 'Berdasarkan proyeksi cuaca ekstrem La Nina, risiko pencucian hara (leaching) pada lahan jagung seluas 10.788 Ha meningkat signifikan. Kami merekomendasikan penambahan alokasi pupuk sebesar 30% untuk menjaga produktivitas tanaman dan mengantisipasi hilangnya efektivitas nutrisi akibat curah hujan tinggi.', 'Cuaca Normal (Default)', '2026-06-29 08:53:00');

CREATE TABLE users (
    id_user SERIAL PRIMARY KEY,
    nip VARCHAR(18) UNIQUE NOT NULL,
    password_hash VARCHAR(255) NOT NULL,
    nama_lengkap VARCHAR(150) NOT NULL,
    role VARCHAR(50) NOT NULL,
    id_kabupaten INT REFERENCES master_kabupaten(id_kabupaten),
    last_login TIMESTAMP WITH TIME ZONE,
    created_at TIMESTAMP WITH TIME ZONE DEFAULT CURRENT_TIMESTAMP
);

INSERT INTO users (id_user, nip, password_hash, nama_lengkap, role, id_kabupaten) VALUES (1, '198001012010011001', '', 'Yaya', 'Admin Provinsi', NULL);
INSERT INTO users (id_user, nip, password_hash, nama_lengkap, role, id_kabupaten) VALUES (2, '123456', '', 'Administrator', 'Admin Provinsi', 1);
